date,soc_start_kWh,soc_end_kWh,plan_cost_yuan,emergency_cost_yuan,total_cost_yuan,planned_grid_kWh,emergency_grid_kWh,emergency_intervals,charge_kWh,discharge_kWh,surplus_kWh,solve_time_s
2025-02-01,8550.0,8550.0,24176.3084808348,261.42592069600084,24437.7344015308,46398.869806999995,67.56989933333361,4,20689.240175,16758.284577,8157.308175,0.1864315999991959
2025-02-02,8550.0,8550.0,58312.108068325106,130.67196992999962,58442.78003825511,92392.336205,23.52035333333322,2,24833.33324,20115.00001,9341.245378333335,0.14398610000353074
2025-02-03,8550.0,8550.0,57518.559362294,161.17159190833354,57679.730954202336,91298.76976,39.68623000000002,5,24681.588069999998,19992.0864,6432.037820000003,0.14041790000192123
2025-02-04,8550.0,8550.0,57245.318236341685,2462.50893070833,59707.82716705002,91000.8112923,631.6226799999993,7,24590.87541,19918.60914,5765.303752300003,0.20324000000255182
2025-02-05,8550.0,8550.0,57142.040081958316,1236.120754453334,58378.16083641165,90747.9027724,340.96052333333375,7,24568.2789,19900.30597,5672.463382400003,0.18646650000300724
2025-02-06,8550.0,8550.0,57513.54224088957,290.1638610148159,57803.70610190438,91186.8943099,57.17784943333332,6,24617.21744,19939.946219999998,6295.74372266667,0.28922959999908926
2025-02-07,8550.0,8550.0,22942.759995786502,565.1954306433328,23507.955426429835,44495.089455999994,100.1319199999999,4,20911.470943,16938.291503,8816.362269333335,0.157260200001474
2025-02-08,8550.0,8550.0,22298.7382084215,659.5610293683346,22958.299237789834,43114.75197899999,110.41219000000025,4,20504.57251505,16608.703747,7752.132684283335,0.15373579999868525
2025-02-09,8550.0,8550.0,55706.6122655956,2047.8188375315005,57754.4311031271,88715.220859,674.6224600000003,5,24524.24551,19864.638917,5174.820759333337,0.13955810000334168
2025-02-10,8550.0,8550.0,55950.8819908781,232.03074482166596,56182.91273569976,89128.95488,39.41350333333327,2,24638.50411,19957.188367,10160.415057000004,0.13368849999824306
2025-02-11,8550.0,8550.0,55117.9396356079,143.63125490666675,55261.570890514566,88057.33960500002,28.456686666666656,4,24562.966809999998,19896.00318,8198.235528333336,0.16879119999794057
2025-02-12,8550.0,8550.0,54489.05054204819,742.9027261064999,55231.95326815469,87113.05349600001,158.41892266666667,8,24353.11604,19726.02403,7377.644275333335,0.16448409999429714
2025-02-13,8550.0,7950.0,53768.2791962733,178.15992763999773,53946.439123913304,85748.513722,36.49765666666633,4,23662.76917,19706.84311,10499.606302000002,0.17136049999680836
2025-02-14,7950.0,7950.0,20071.9291853372,2236.8483250516665,22308.777510388867,38772.910596999995,720.2356166666666,9,19594.328779,15871.40634,5968.421958000001,0.15179209999769228
2025-02-15,7950.0,8550.0,19965.9522054572,1385.3580670749986,21351.3102725322,38621.468022,388.88983333333306,10,19707.958741,15423.44659098,5445.754605313333,0.16172979999828385
2025-02-16,8550.0,8550.0,51464.893930897495,2953.3897179873293,54418.283648884826,82850.43393,751.6868239999993,15,23212.808902,18802.375275,3814.3080270000014,0.15300080000452
2025-02-17,8550.0,8550.0,51087.8443223099,702.8334370116659,51790.67775932157,82399.080846,176.05894999999995,6,23194.9365344,18787.898671,6984.238765933336,0.11411539999971865
2025-02-18,8550.0,8550.0,50493.9474806676,797.0821906800634,51291.029671347664,81664.8063012,176.69124593333277,11,23186.74005,18781.259501,5344.629214800002,0.13533579999784706
2025-02-19,8550.0,8550.0,50177.9445664551,1900.594442874162,52078.539009329266,81237.789139,514.8041056666655,16,23194.1017103,18787.222433000003,4466.386584033335,0.16188279999914812
2025-02-20,8550.0,7546.1969,49484.56093363762,1356.3749997428317,50840.93593338045,79776.7319037,300.41748399999966,8,22073.426458,18782.89831,5793.48750636667,0.1790707999971346
2025-02-21,7546.1969,7215.6337,18643.4294374705,1478.3195780813319,20121.74901555183,36054.575335,353.76680599999975,14,18092.932406,14952.782188,7707.929889666667,0.1579065999976592
2025-02-22,7215.6337,8550.0,19030.619153247702,3733.4408120701655,22764.05996531787,37179.445288999996,944.5793663333328,18,19597.128586,14672.744515999999,5354.877702000001,0.17188229999737814
2025-02-23,8550.0,8550.0,48461.1146920194,3118.6894510053316,51579.80414302473,78784.47811600001,893.9003183333332,18,23277.654085000002,18854.899879999997,3723.7705460000016,0.1621168999990914
2025-02-24,8550.0,8550.0,47977.840850707,1586.7434290419965,49564.584279749,78186.005486,343.21921799999893,14,23250.99046125,18833.302312,5908.502938083335,0.17274179999367334
2025-02-25,8550.0,8550.0,47721.859249365305,1265.8690699446665,48987.72831930997,77791.2104063,340.75290066666673,14,23221.287183,18809.242661,7898.595551633337,0.1469987000018591
2025-02-26,8550.0,8550.0,47031.1134413019,2818.3523489106624,49849.46579021256,76783.294846,665.4812963333322,15,23009.723404488,18637.875974399998,4262.0806789120015,0.17513099999632686
2025-02-27,8550.0,6819.675,45745.0961742357,2524.6349574616634,48269.731131697365,74175.550433,501.028296666666,11,21042.091220000002,18601.3864542,5279.28976386667,0.16215019999799551
2025-02-28,6819.675,6467.555,17565.000482721498,3870.6522220199986,21435.652704741497,34125.636373,1110.3567466666664,18,17254.419221,14292.9875976,8981.967946266666,0.1771383999948739
2025-03-01,6467.555,8550.0,18381.9048076959,3222.2247496291666,21604.129557325068,36191.553004,854.5025463333336,17,19610.87103,14010.605056,7787.023643,0.15915120000136085
2025-03-02,8550.0,8550.0,45147.33645589368,19888.485604582325,65035.822060476006,74041.16934220001,5277.587253533332,12,22919.531826,18564.820805800002,2605.738508866669,0.16124210000270978
2025-03-03,8550.0,8550.0,45430.673674165984,16418.195153806508,61848.86882797249,74537.7296696,4014.536958659999,15,23110.8523424,18719.79044174,2144.058094266669,0.15812210000149207
2025-03-04,8550.0,8550.0,46004.296098696796,4057.1639758899964,50061.460074586794,75340.590172,1249.6592833333323,18,23278.968425500003,18855.9644492,2967.787545700002,0.14613859999371925
2025-03-05,8550.0,8550.0,46635.46442153924,1692.383574468765,48327.84799600801,76290.14834259999,388.5878135666662,15,23381.4977959,18939.013254999998,6105.779598600003,0.2108998999974574
2025-03-06,8550.0,6325.6423,45449.0697412166,2293.494858805832,47742.56460002243,73530.436905,599.9793216666665,11,20810.917349900003,18858.765061000002,6237.609804433334,0.2177834999965853
2025-03-07,6325.6423,5878.8929,16768.6994717048,2262.8570521759993,19031.556523880798,32607.309850999998,627.2042623333332,14,16573.239532,13826.398513,9565.387561000001,0.18788569999742322
2025-03-08,5878.8929,8550.0,18003.2962762801,946.7986221966651,18950.094898476764,35482.555933,292.98007999999965,11,19597.690140000002,13470.132647,10584.839003333334,0.2791058000002522
2025-03-09,8550.0,8550.0,45499.78419500952,1277.6144982253306,46777.39869323485,74663.0557168,283.2663406666657,10,23300.645071700004,18873.522564500003,7185.6745002666685,0.17372230000182753
2025-03-10,8550.0,8550.0,44381.4999576544,6431.263136469996,50812.7630941244,73024.664042,2164.920866999999,22,22991.119978000002,18622.8072723,2779.2007533000024,0.19848240000283113
2025-03-11,8550.0,8550.0,44099.7461236448,3644.535028495402,47744.2811521402,72689.42244600001,938.1825702366639,11,22727.54539657,18409.3118196,5370.452639266669,0.18195009999908507
2025-03-12,8550.0,8550.0,43666.8803449153,2449.033477099998,46115.913822015296,71977.847638,731.0136899999995,15,22308.973031200003,18070.268202,6034.6218154666685,0.18013110000174493
2025-03-13,8550.0,5363.7922,41451.98150028256,13650.881079688997,55102.86257997156,67345.3196127,3735.561240666666,12,18591.5451113,17926.738601,2870.4563264000026,0.14776870000059716
2025-03-14,5363.7922,4945.1892,15732.530024177799,3134.538896126664,18867.068920304464,30686.64068,748.9415079999992,16,15561.05173,12981.194621,12826.299095666665,0.1350382000018726
2025-03-15,4945.1892,8550.0,17450.116613861,5543.340026082167,22993.456639943164,34687.266623,1804.7717113333338,18,19568.60273,12606.238497999999,8605.548952333333,0.1081832999989274
2025-03-16,8550.0,8550.0,42094.897985719,5198.243923092795,47293.14190881179,69782.56246,1380.580417233332,20,21950.4171959,17779.8380013,3641.516749300001,0.1646554999970249
2025-03-17,8550.0,8550.0,41900.368163375,1540.5091740366665,43440.87733741167,69605.24195,363.2889833333332,13,21940.164152999998,17771.533002,7941.768349000003,0.13872570000239648
2025-03-18,8550.0,8550.0,40938.779266880396,5409.588102730095,46348.36736961049,68199.19205400001,1166.1801022666652,15,21759.602368,17625.2779678,4105.089389400002,0.17763429999467917
2025-03-19,8550.0,8550.0,40933.7514040228,2939.616817303998,43873.3682213268,68102.28039700001,632.594743333333,13,21710.388602500003,17585.4148511,5144.430938933334,0.22177799999917625
2025-03-20,8550.0,4622.7098,38649.542812531,5603.333622371828,44252.87643490283,62902.081008,1496.6966089999987,18,17396.1774841,17625.464957,2419.103273233334,0.16807100000005448
2025-03-21,4622.7098,4310.6124,14949.2078846205,2488.570329781164,17437.778214401664,29286.596535,674.450935666666,15,14908.748870000001,12356.9743,15375.808384,0.16428669999731937
2025-03-22,4310.6124,8550.0,17048.387591486004,4777.0640496880005,21825.451641174004,34116.701525,1324.3858413333337,17,19595.77923,12057.132342,12021.240745,0.17850650000036694
2025-03-23,8550.0,8550.0,38762.5869264348,6314.7392991397755,45077.32622557458,64478.55626800001,1750.3467543666657,22,21596.095414940002,17492.837364,3355.9248547600014,0.19193280000035884
2025-03-24,8550.0,8550.0,38243.858129734,5324.688155848826,43568.54628558282,63656.32752,1490.1433946666648,19,21497.568873,17413.030845,3063.435803333334,0.20791349999490194
2025-03-25,8550.0,8550.0,38222.9836153805,10534.3344782764,48757.3180936569,63705.825054999994,2878.8841117333327,19,21524.159773000003,17434.5694765,1544.9941535666685,0.1674187000025995
2025-03-26,8550.0,8550.0,38202.9324679852,2903.8738527716637,41106.80632075686,63685.300017,842.1305399999992,19,21549.174261,17454.831207299998,4840.532636633336,0.1741055000020424
2025-03-27,8550.0,3999.3171,35727.00358854901,8027.787977360828,43754.791565909836,57936.36858,2098.5772483333317,16,16472.634955,17438.4489338,2283.770407133335,0.17447379999794066
2025-03-28,3999.3171,3733.7366,14183.667541808201,2888.071178821997,17071.738720630197,27963.927967999996,897.5111443333325,16,14259.88765,11789.5314708,15569.202166466666,0.16753480000625132
2025-03-29,3733.7366,8550.0,16520.3255726604,3247.7405543013297,19768.06612696173,33438.580994,935.8861526666658,16,19636.614479999997,11571.0206884,18601.66417173333,0.1552802000005613
2025-03-30,8550.0,8550.0,36282.2973527106,6095.002358070329,42377.29971078093,60413.106769000005,1651.1144139999988,20,21380.946213000003,17318.566447999998,2656.221718000002,0.17545949999475852
2025-03-31,8550.0,8550.0,35975.347778530704,13098.23666071983,49073.58443925053,59902.63612699999,3449.6245519999993,18,21341.86150052,17286.907831,2345.917526146669,0.17563689999951748
2025-04-01,8550.0,8550.0,35881.0958689725,18137.434561750757,54018.53043072326,59833.961725,5762.582533633331,20,21074.0489166,17069.9796813,1383.6235066666661,0.16454280000471044
2025-04-02,8550.0,8550.0,35930.03999108,24193.765188164492,60123.80517924449,59872.396290000004,6239.536817999998,14,20691.266609,16759.925993,1745.2570920000019,0.15238500000123167
2025-04-03,8550.0,3402.8346,33999.4306574267,8465.365569118992,42464.796226545695,55065.331594,2075.986173666665,17,15055.015634,16827.01153881,3049.7834058099997,0.16024130000005243
2025-04-04,3402.8346,3372.9479,13848.009011050399,2717.967956749666,16565.976967800067,27410.45255,851.9265473333332,11,13906.771245999998,11291.382697000001,19216.188298333334,0.1270954999999958
2025-04-05,3372.9479,8550.0,16415.01452521822,6462.439405438333,22877.453930656553,33461.8900182,1694.291453333333,15,19615.6865,11229.359206,14725.7391942,0.3195290000003297
2025-04-06,8550.0,8550.0,36114.036481779694,3762.1097161643293,39876.14619794402,60548.10481999999,1030.787723999999,18,20754.7191533,16811.322585,3225.4197090333346,0.22778809999726946
2025-04-07,8550.0,8550.0,35887.7284915508,4475.876521804662,40363.60501335546,60142.304818,1371.5622149999986,15,20602.9315562,16688.374609,4356.590802466668,0.19303179999405984
2025-04-08,8550.0,8550.0,35736.471532115596,7726.786736610323,43463.25826872592,59896.775604,1806.3344409999975,20,20619.952676,16702.16172,3432.1254723333345,0.15128639999602456
2025-04-09,8550.0,8550.0,35459.0007544094,17638.81936571467,53097.820120124066,59304.193141,4865.757527666667,13,20711.251623,16776.113887,1100.501916000001,0.1418028000043705
2025-04-10,8550.0,3245.7249,33200.024731351004,8013.961170174829,41213.98590152583,53654.1475,1899.8454739999988,17,14656.138156,16645.319553,3082.5364710000013,0.14347909999924013
2025-04-11,3245.7249,3157.6888,13523.7714780107,3063.599112018332,16587.370590029033,27018.38919,914.9332533333328,10,13613.51865,11106.182553,20109.336179666665,0.14344539999729022
2025-04-12,3157.6888,8550.0,16257.9558856244,4301.706210574001,20559.6620961984,33381.0649,1236.3898420000005,15,19574.137981,11001.971726099999,17020.1279371,0.14133120000042254
2025-04-13,8550.0,8550.0,35094.8214369168,7289.515348901161,42384.336785817955,58740.239837999994,1770.1022173333322,16,20050.506386,16240.9101984,2424.387384400002,0.15661149999505142
2025-04-14,8550.0,8550.0,34794.7315278448,4818.390439086328,39613.121966931125,58296.442053,1395.2262749999986,20,19847.262296300003,16076.282477,3392.6567087000008,0.17143129999749362
2025-04-15,8550.0,8550.0,35009.41517697919,4866.204573109065,39875.619750088255,58599.859978,1128.1731432999995,17,19910.88182052,16127.8142697,5805.536737146667,0.1592813000024762
2025-04-16,8550.0,8550.0,34646.9764409218,10071.990180144829,44718.966621066626,58032.226942,2853.308372999999,19,19732.926376000003,15983.670385999998,1356.6873750000022,0.14940239999850746
2025-04-17,8550.0,2924.6782,31945.3610471308,5805.052805163162,37750.41385229396,51641.701646999994,1365.5094779999986,18,13502.906332,16000.1437723,2636.106215300001,0.15476459999626968
2025-04-18,2924.6782,2757.859,13153.680375697098,2062.438156428331,15216.118532125429,26486.810971,652.6519299999991,12,13165.038763,10813.818679,18434.125633666663,0.17922339999495307
2025-04-19,2757.859,8550.0,15902.1656074366,1537.399191983,17439.5647994196,33035.108778,495.3019280000002,12,19642.077299999997,10697.155751999999,17800.809907999996,0.18372070000623353
2025-04-20,8550.0,8550.0,34236.0825236346,6899.144552711163,41135.22707634576,57540.449734,1586.974239499999,15,19818.1769275,16052.723328,3404.2254906666694,0.16266730000643292
2025-04-21,8550.0,8550.0,33857.118884662705,2799.7739902134954,36656.8928748762,57072.387779000004,867.4274703333324,15,19999.6641136,16199.727965,5622.9687174,0.1488424999988638
2025-04-22,8550.0,8550.0,33918.0231610976,6418.94149764047,40336.96465873807,56766.565004000004,1899.0510926069994,20,19794.759421000002,16033.755167393,2751.682526333335,0.15259050000167917
2025-04-23,8550.0,8550.0,34023.200621299,4895.0729652908285,38918.27358658983,57226.77760000001,1468.9790076666652,18,19793.145352,16032.4477778,3535.142316800002,0.16442780000215862
2025-04-24,8550.0,2518.9997,30853.999774461397,1884.847660328327,32738.847434789725,49891.710861,476.7814466666655,17,13048.934299,15997.537090999998,6226.988399666669,0.14198729999770876
2025-04-25,2518.9997,2401.2251,12544.154624607101,1912.7069998756672,14456.861624482768,25663.54017,504.48669566666666,16,12777.773559999998,10455.9937125,21845.889368166667,0.1483375999960117
2025-04-26,2401.2251,8550.0,15468.6576533599,4208.688579792166,19677.346233152064,32591.985901,1045.0795489999996,18,19587.55447,10332.021726,24311.339072666666,0.14989449999848148
2025-04-27,8550.0,7950.0,31680.7312805478,8568.924479214727,40249.65575976253,52962.075399,2052.7734067333317,18,18418.992491,15459.3839536,3481.7690850000013,0.17018819999793777
2025-04-28,7950.0,7950.0,31848.6473652419,30746.2946561266,62594.9420213685,53267.151285,8003.023486599999,18,18964.7475826,15361.445597999998,1044.905470333335,0.15882760000386043
2025-04-29,7950.0,8311.7171,32801.042511669,4295.013839992962,37096.056351661966,55017.195418999996,1089.9702575666656,15,19396.749113899998,15385.821456,4663.024302000002,0.16228060000139521
2025-04-30,8311.7171,7950.0,32273.130525059798,7838.686634326663,40111.81715938646,53749.341014000005,2351.8544233333323,11,18332.043162,15174.500358,4686.798200000002,0.1716725000005681
2025-05-01,7950.0,2206.099,29543.1344584557,18871.226890246187,48414.36134870189,47239.975770000005,4072.547272299997,12,12313.0833523,15143.108428,3131.169318,0.17154139999911422
2025-05-02,2206.099,2188.1071,12488.7814860802,27446.47568785333,39935.257173933525,25548.322568999996,6197.541917333333,10,12647.3143274,10260.517347,15068.747422600001,0.12748629999987315
2025-05-03,2188.1071,8513.3438,15679.0609776184,13471.615750743164,29150.676728361563,32897.044926,2854.012034333333,17,19686.611362999996,10253.44226,17450.71620733333,0.14656499999546213
2025-05-04,8513.3438,8550.0,33422.4787116848,13330.90215625116,46753.380867935964,56293.40884199999,3121.8670976666654,10,19327.456345,15622.249104999999,3975.4013663333335,0.15651400000206195
2025-05-05,8550.0,8550.0,33631.60727778,22813.53258329982,56445.13986107982,56813.688135000004,4901.090626666664,12,18965.295374999998,15361.889333,3035.3659196666677,0.13776960000541294
2025-05-06,8550.0,8550.0,33356.280023113795,19775.13696412379,53131.416987237586,55985.260557,4357.303726466664,12,19068.587982,15445.5562942,3849.4502290000005,0.3412921000053757
2025-05-07,8550.0,8550.0,33615.7116381766,18920.97145898349,52536.683097160094,56792.478601,4031.2332743333313,15,19481.089588000003,15779.68258,2054.4589173333343,0.21140870000090217
2025-05-08,8550.0,2487.0857,31897.099904540402,14352.877547628761,46249.977452169165,51266.572231,3603.150098699998,12,13255.820888999999,16193.8377653,1981.226806000001,0.1658508999971673
2025-05-09,2487.0857,2371.8448,13276.6332484486,7383.18288455133,20659.816132999928,26592.864021,1509.5503996666657,13,12747.82748,10429.457115,17284.658205666663,0.1840736999947694
2025-05-10,2371.8448,8550.0,16150.714021492106,11237.546417078149,27388.260438570254,33476.50980333,2525.4227586700003,12,19678.527387000002,10379.267514,14581.627405666666,0.18211990000418155
2025-05-11,8550.0,8550.0,34678.2890572548,14337.144818016819,49015.433875271614,58403.476897,3268.7304589999967,14,19520.186059,15811.350777,2479.292990666667,0.15495339999324642
2025-05-12,8550.0,8550.0,35360.626223324,9981.62862431666,45342.25484764066,59691.56168,2627.3562766666655,13,19826.983447000002,16059.856636999999,6620.5959133333345,0.15189079999981914
2025-05-13,8550.0,8550.0,35039.046525385,6270.895117245993,41309.94164263099,58914.67658,1365.2787556666658,13,19121.7591905,15488.624995000002,3517.608373500003,0.1497832999957609
2025-05-14,8550.0,8550.0,35328.9850008474,6891.2833610666585,42220.26836191406,59518.787071,1502.6303499999983,10,18878.4563783,15291.549708999999,4420.3619683666675,0.13041940000402974
2025-05-15,8550.0,2076.2731,32697.505781056796,6159.348167296395,38856.85394835319,52401.371922000006,1566.8184247999986,14,11618.804346,15237.5856992,4821.913416666668,0.13155100000585662
2025-05-16,2076.2731,2164.1834,13629.142511266502,3560.568405954996,17189.7109172215,26868.26639,902.4145293333322,12,12576.106611000001,10107.527108999999,22586.594884000002,0.1351598000037484
2025-05-17,2164.1834,8550.0,16615.19519483062,10999.173469275998,27614.368664106616,33948.8377452,2389.1335383333335,17,19536.268460000003,10077.142542,16430.0462822,0.1298389000003226
2025-05-18,8550.0,8550.0,34859.300255279406,8697.18631190499,43556.486567184395,58119.063266,2385.078283999998,17,18367.8950005,14877.995002,3338.0734515000013,0.16689939999923809
2025-05-19,8550.0,8550.0,34883.1898533054,4815.163726067511,39698.35357937291,58323.236026,901.0759980999985,16,18480.9494011,14969.56905,8197.715123000002,0.14759849999973085
2025-05-20,8550.0,8550.0,34558.201536886205,10432.449346917361,44990.650883803566,57675.002735,2578.9954902333325,17,18645.060545,15102.499099100001,2184.0419626666685,0.12517659999866737
2025-05-21,8550.0,8550.0,34891.7401282142,8635.746421694485,43527.48654990869,58228.172062,2043.6600723966658,14,18565.71453873,15038.228792,5381.731104333335,0.12864979999721982
2025-05-22,8550.0,1830.8225,32223.573090748003,2505.498538329998,34729.071629078004,50788.72927,573.5383079999995,17,10934.106502999999,14903.8859535,4515.416211833337,0.14947409999876982
2025-05-23,1830.8225,1838.1528,14095.832160596088,3072.439511882554,17168.271672478644,27135.09609379,818.9667055433331,20,12152.08462,9836.5913035,19217.620599500002,0.18038330000126734
2025-05-24,1838.1528,8550.0,17478.1970856778,1781.4972254666643,19259.694311144463,34941.215416,481.3380799999993,11,19651.812436,9877.305654,21893.545330666668,0.1354877999983728
2025-05-25,8550.0,8550.0,35226.884919061,2708.024135178331,37934.90905423933,58045.462360000005,598.3545136666662,17,18376.200944,14884.722801,6607.328547333334,0.160304900004121
2025-05-26,8550.0,8421.4749,34742.2301260628,13390.94624274983,48133.17636881263,57083.602037000004,3628.7192583333326,13,17977.97283695,14677.830603999999,2832.346112383336,0.17017140000098152
2025-05-27,8421.4749,8550.0,35562.0969590258,2251.3312672258317,37813.428226251635,58674.317297,609.9044399999998,18,18577.5379693,14932.133193,6248.449660700002,0.12556779999431456
2025-05-28,8550.0,8550.0,35219.4237866794,9201.904032271508,44421.32781895091,57907.693651,2641.498976879999,15,18272.219903,14800.498148120001,4803.646773,0.14385689999471651
2025-05-29,8550.0,1835.6061,32428.841852613004,10882.958181349026,43311.800033962034,50764.54565,2675.126374533331,16,11026.6444142,14974.536461,3277.4405713333354,0.14248650000081398
2025-05-30,1835.6061,1869.6567,14669.472356682301,5836.632176242333,20506.104532924634,27816.863958,1459.0000853333331,13,12281.942477,9917.727914,20315.416213666664,0.12166799999977229
2025-05-31,1869.6567,8550.0,18128.854044626998,6354.983246257165,24483.837290884163,35665.40895,1562.8147343333326,14,19705.059793999997,9948.789489,19082.771829333335,0.13503169999603415
2025-06-01,8550.0,8550.0,36681.56526150377,57452.05717140514,94133.62243290892,60317.901718299996,14836.906041366665,6,19149.735119999998,15511.285477,291.5318166666671,0.16408949999458855
2025-06-02,8550.0,8550.0,37677.8088193616,47926.91898526065,85604.72780462225,62278.81153399999,11686.511184333329,6,18960.94802494,15358.367965,1721.9352083933336,0.17396419999568025
2025-06-03,8550.0,8550.0,38649.36934189349,34771.53913360197,73420.90847549547,63759.08740885,8438.90832268333,9,19484.669928900003,15782.582690700001,303.54165999999987,0.17413809999561636
2025-06-04,8550.0,8550.0,39807.96788549661,30135.41229108977,69943.38017658639,65881.95529829999,8303.60722403333,8,20372.712268000003,16501.896961,669.4863986666667,0.15198389999568462
2025-06-05,8550.0,2210.6523,37538.5444473572,32189.08738445348,69727.63183181068,59909.1386478,8577.506418533329,6,13848.908006000001,16923.0284387,411.4474823666669,0.1394328999958816
2025-06-06,2210.6523,2341.2145,15911.955249134699,40716.160637073655,56628.115886208354,29516.223329,10417.32598633333,7,12904.779459999998,10335.365338,6509.139793333333,0.21031809999840334
2025-06-07,2341.2145,8550.0,19360.0664583422,26276.13221836733,45636.19867670953,37176.218536,6866.117414999999,12,19820.22193,10466.472829,3562.073683333333,0.34637739999743644
2025-06-08,8550.0,8550.0,46927.168167668206,6942.243972906324,53869.41214057453,76366.630734,1932.5502959999976,14,22333.333250000003,18089.999936,8870.924449333334,0.1847983999978169
2025-06-09,8550.0,8550.0,46028.714384226376,13507.658475633089,59536.37285985946,75071.1898976,3548.265535399997,15,22335.915511900002,18092.091606,3442.9187937666675,0.14678669999557314
2025-06-10,8550.0,8550.0,46646.1266916116,11284.82630569566,57930.952997307264,75809.49253850001,3260.9757346666647,16,22333.333250000003,18089.999981,3208.690770833334,0.14140629999747034
2025-06-11,8550.0,8550.0,47103.698344535194,21622.859664031705,68726.5580085669,76768.656357,5138.209605099997,13,22345.5580443,18099.9020712,1576.7636723333344,0.16714170000341255
2025-06-12,8550.0,2960.0319,45443.4788224385,8678.98432411149,54122.463146549984,71533.8511047,2318.388263333331,18,16396.28155,18311.959409000003,3315.5257937000024,0.1741933999946923
2025-06-13,2960.0319,2872.3269,18813.17020893778,7819.810329702263,26632.98053864004,33236.0799292,1882.5649871333321,18,13307.592550000001,10858.084435,4323.823101333334,0.17116660000465345
2025-06-14,2872.3269,8550.0,21766.1208171713,5814.223217837663,27580.344035008962,40016.143488999995,1885.7047486666656,14,19711.03153,10856.0297779,6853.503735566666,0.1792686999979196
2025-06-15,8550.0,8550.0,49822.6826498752,2151.836310173001,51974.5189600482,80097.88059999999,555.055720666667,14,22625.3716,18326.551052,5727.141439333336,0.18809569999575615
2025-06-16,8550.0,8550.0,50323.0349497608,4054.0388458313264,54377.07379559212,80698.687228,1207.579353666665,16,22677.09556,18368.447414000002,4903.565619000003,0.1494657000002917
2025-06-17,8550.0,8550.0,50765.18010802539,8306.975597294993,59072.15570532039,81317.375111,2111.4160496666645,21,22932.26685,18575.136184000003,4434.649278000002,0.165446900005918
2025-06-18,8550.0,8550.0,51315.8157711468,1548.3687188151628,52864.18448996196,82251.744536,406.919028999999,10,23187.982259,18782.26568,7324.556086000002,0.17014930000004824
2025-06-19,8550.0,2808.4032,48285.699942664396,2713.666468386494,50999.36641105089,75229.97969000001,733.2684636666652,15,16762.487950000002,18745.052402,9686.30840566667,0.15826620000007097
2025-06-20,2808.4032,2813.0216,20179.453475297596,986.1003971633321,21165.55387246093,34928.794432,387.5280566666663,10,13279.757939000001,10752.447368100002,10388.431067766669,0.15755400000489317
2025-06-21,2813.0216,8550.0,22981.0824095441,1432.427179128332,24413.50958867243,41523.785579999996,446.896583333333,8,19494.364627000003,10627.154816,13768.731952333335,0.15558820000296691
2025-06-22,8550.0,8550.0,51034.6263574746,765.819501013332,51800.44585848793,81522.711156,238.05046999999968,6,22908.89918,18556.208390000003,9950.729736000003,0.14548910000303295
2025-06-23,8550.0,8550.0,50561.8222697109,679.0176669999989,51240.8399367109,80937.446696,192.39441333333275,8,22883.1112589,18535.320168,9720.764018433338,0.1409401999990223
2025-06-24,8550.0,8550.0,49803.444934158004,17603.382773143065,67406.82770730107,79837.2634,4277.415644533334,13,22839.376013,18499.8945838,3506.4053653333362,0.16967060000024503
2025-06-25,8550.0,8550.0,50205.9225584772,4824.296105733998,55030.2186642112,80601.014184,1329.035292666666,7,22806.818295000005,18473.522865,7159.332680000004,0.17814469999575522
2025-06-26,8550.0,2432.2712,47639.620361341294,1041.6632134046658,48681.28357474596,73893.2420405,250.06789499999977,9,16215.298833,18640.347981000003,9020.975250166668,0.17723860000114655
2025-06-27,2432.2712,2541.4118,20686.4890316198,282.1726920599997,20968.6617236798,35506.84839,93.68920333333327,7,13005.077290000001,10435.8860771,13259.700513766667,0.15388720000191825
2025-06-28,2541.4118,8550.0,23590.171216706003,1195.8291502448155,24786.00036695082,42542.45742,305.4389636999997,11,19722.328586,10567.3567883,11915.998469333334,0.14247059999615885
2025-06-29,8550.0,8550.0,51684.53755219482,2328.5559076523346,54013.09345984716,82229.8200961,808.7385786666671,8,23032.60282,18656.408338,9394.595659433337,0.16559560000314377
2025-06-30,8550.0,8550.0,51918.502037656406,3251.399244216664,55169.90128187307,82485.1904576,840.6137143333327,8,22789.589160000003,18459.567269,9118.098297600001,0.16438129999733064
2025-07-01,8550.0,8550.0,51994.2203174785,12970.691687970484,64964.91200544899,82735.094038,4290.3222579999965,11,22679.74982,18370.597410000002,3849.7198526666666,0.15083279999817023
2025-07-02,8550.0,8550.0,50710.82556458468,13635.87315666665,64346.698721251334,81101.2834518,4347.864666666663,8,22402.777532,18146.249818000004,8287.854037800002,0.1451359999991837
2025-07-03,8550.0,2541.5532,46887.3132215331,21063.538434794405,67950.8516563275,72759.208066,6221.882443833331,10,15720.257079500001,18141.010365500002,1641.4248625000002,0.1819824999984121
2025-07-04,2541.5532,2607.7478,21472.412883689798,16844.626871999328,38317.039755689126,36647.510896,5058.050877999998,8,12985.53013,10458.704283,10297.868460333331,0.16129699999873992
2025-07-05,2607.7478,8550.0,24309.928758266902,16911.352089350326,41221.28084761723,43642.904926999996,4920.424860999998,10,19578.475824,10510.538473,10705.31247033333,0.18036940000456525
2025-07-06,8550.0,8550.0,47780.0367968612,31502.317481147653,79282.35427800885,76757.890654,8222.828222999997,9,21615.529511,17508.578934000005,1079.7867500000004,0.33672980000119423
2025-07-07,8550.0,8550.0,47688.667899880296,14359.526206950488,62048.194106830786,76436.140811,4608.842097999997,9,21697.172559500003,17574.709785799998,3513.0373686333337,0.28581790000316687
2025-07-08,8550.0,8550.0,49271.948664061,16127.638067390686,65399.58673145168,78538.97454,4213.394500199996,14,21419.632349,17349.902229799998,3111.2519043333336,0.3850598999997601
2025-07-09,8550.0,8550.0,49148.237141935,11344.849115367402,60493.086257302406,78149.35279,3363.3750214999973,12,21398.3585055,17332.670437300003,3388.314726633334,0.3448844999948051
2025-07-10,8550.0,2457.7631,46935.021381731,7424.464048830139,54359.48543056114,72191.57592,2429.4362950333307,21,15265.8350213,17848.339629000002,4349.893439400002,0.27282639999612
2025-07-11,2457.7631,2505.2306,23513.5610497778,13658.32438421166,37171.88543398946,39591.026088,4446.132209999999,12,12959.8430481,10454.752120000001,9013.2902199,0.2626777999976184
2025-07-12,2505.2306,8550.0,26569.9616325106,7856.804920632658,34426.76655314326,46947.496501999995,2402.4079173333307,16,19779.68928,10581.25587,9067.227675999999,0.2581288000001223
2025-07-13,8550.0,8550.0,49892.360695769996,5012.187116256826,54904.54781202682,79485.84318,1302.200439666665,16,21590.8168259,17488.5616525,7418.068046266668,0.2596569000015734
2025-07-14,8550.0,8550.0,49142.412476999,6463.730346554159,55606.142823553164,78248.58632,1709.4017363333314,18,21498.505625,17413.789572,4065.592786666669,0.25848759999644244
2025-07-15,8550.0,8550.0,51935.069936407,6857.879703034231,58792.949639441234,82212.1328,2352.811216866666,11,21837.081029400004,17688.0356788,7666.848082933336,0.25933590000204276
2025-07-16,8550.0,8550.0,51350.1101665857,4489.101324396825,55839.211490982525,81533.583683,1388.5438176666646,17,21558.286603,17462.212176,6691.489690333336,0.2508732000060263
2025-07-17,8550.0,2844.1265,48957.903414956,5428.334652492331,54386.238067448336,75332.29198000001,1363.8646076666657,13,15150.7063385,17407.358272999998,6232.392455500001,0.27236419999826467
2025-07-18,2844.1265,2837.1696,25563.7537178332,4081.0911386725306,29644.84485650573,42723.58973000001,1315.2390229333328,12,13355.837992,10824.4899604,10233.232621333333,0.2601347000017995
2025-07-19,2837.1696,8550.0,28303.8769039557,1558.5644240299991,29862.4413279857,49310.002779,543.1180166666663,11,19601.15937,10735.391737,13804.534112666668,0.26489980000042124
2025-07-20,8550.0,8550.0,51189.13131525,2546.6348654418334,53735.76618069183,81052.09139,795.3941299999999,13,21217.796536,17186.4152097,5726.125977033336,0.23998800000117626
2025-07-21,8550.0,8550.0,51676.556585108,4928.394212884163,56604.95079799216,82020.73827999999,1383.3628023333326,15,21429.791723200004,17358.1313264,5342.691335533335,0.28534980000404175
2025-07-22,8550.0,8550.0,54674.054429216,2782.447511271319,57456.50194048732,86424.13957,682.6180201399998,6,22117.16011156,17914.89972886,9109.352590773336,0.24560639999981504
2025-07-23,8550.0,8550.0,54671.560099224,2554.8509348333337,57226.41103405733,86427.97189,611.61353,8,22237.8935425,18012.693818300002,8597.838579133337,0.3121718999973382
2025-07-24,8550.0,3119.7113,52571.803765646,3689.006995844465,56260.810761490466,80817.23427,936.7845326999998,7,16626.9086557,18355.055890000003,9865.694037000005,0.24680599999555852
2025-07-25,3119.7113,3000.6632,27531.3815074263,405.7616398016663,27937.143147227966,45461.552601999996,115.66259666666656,4,13473.532889999999,11020.704952,16619.067694,0.2674968999999692
2025-07-26,3000.6632,8550.0,30350.4850561592,1425.8435851849995,31776.3286413442,52041.933839000005,554.8959066666665,6,19658.92848,10929.329007,15398.138706000002,0.26957080000283895
2025-07-27,8550.0,8550.0,54720.217305866,4878.729253999996,59598.946559865995,86413.44958,1049.7206799999994,6,22292.5762363,18056.986785,9542.391008700002,0.2369955999965896
2025-07-28,8550.0,8550.0,54826.83951265,6905.531915634896,61732.371428284896,86640.50968999999,1855.9318887999991,10,22586.367253800003,18294.957487,6250.15457866667,0.2520779000042239
2025-07-29,8550.0,8550.0,57871.023608757496,3049.888068233283,60920.91167699078,90859.14549299999,885.9764571000001,1,22592.6877781,18300.077161,11383.265383000004,0.2481608000016422
2025-07-30,8550.0,8550.0,57864.5867740025,988.0296514436657,58852.61642544616,90991.5571,192.48305533333314,4,22370.639163400003,18120.2177676,12830.364709533336,0.24087669999425998
2025-07-31,8550.0,3462.2161,55238.2525852042,1040.1389684676656,56278.39155367187,84929.123748,203.0785339999998,2,16747.633293500003,18144.588534000002,11834.161255833336,0.25783759999467293
2025-08-01,3462.2161,3361.8361,28808.5782157984,36.01445239833326,28844.592668196732,47498.05466899999,16.591556666666634,1,13981.252966,11415.156855000001,23697.190448,0.26026809999893885
2025-08-02,3361.8361,8550.0,31230.783490202,0.0,31230.783490202,53224.713272,0.0,0,19581.847479999997,11191.948979,23907.78983766667,0.24291630000516307
2025-08-03,8550.0,8550.0,55564.8175759196,14.722539753333212,55579.540115672935,87513.99030800001,5.158563333333291,1,22234.693559,18010.101787,20455.077116,0.2477708000005805
2025-08-04,8550.0,8550.0,54571.02467156,31.162749406666464,54602.187420966664,86187.19793,14.281736666666575,1,22101.708439,17902.383867999997,16586.500012333334,0.25222320000466425
2025-08-05,8550.0,8550.0,53239.319802401995,60.53047549399926,53299.850277895996,83979.09731000001,12.842378666666505,2,21702.706464000003,17579.19226266,14716.115753993334,0.22605699999985518
2025-08-06,8550.0,8550.0,52341.253110786,3671.3896315129978,56012.642742298995,82366.46817,874.7264039999994,4,21188.0798318,17162.344677,11101.060152533337,0.23610890000418294
2025-08-07,8550.0,3042.6121,48980.178215372995,323.09548827333333,49303.27370364633,74739.77102,74.38745000000003,3,14556.9531193,16747.781107000003,13617.001207700003,0.21614109999791253
2025-08-08,3042.6121,2920.3654,27010.4584184732,250.39376593000043,27260.8521844032,45016.973698,58.76511333333343,1,13381.070396000001,10948.689085,26868.186250333332,0.17742030000226805
2025-08-09,2920.3654,8550.0,29767.020265372303,1975.163026787003,31742.183292159305,51452.517165,551.196195333334,4,19782.5538,10957.197447999999,24256.428008333332,0.18043269999907352
2025-08-10,8550.0,8550.0,49757.9733442288,4346.175144461666,54104.148488690465,77660.459249,1239.8628199999998,2,20070.744828000003,16257.303329,9782.261520000002,0.1707373000026564
2025-08-11,8550.0,8550.0,50172.0426353408,3024.1606692010014,53196.2033045418,78519.672869,631.9669950000005,4,20093.020042,16275.346209,10772.712697666671,0.24427480000304058
2025-08-12,8550.0,8550.0,49795.971376963,5390.338197595334,55186.30957455834,78035.06722,1253.5894520000002,7,20184.495076400002,16349.441013000001,7693.058958600002,0.3128951999970013
2025-08-13,8550.0,8550.0,50126.0316137978,4340.081530018667,54466.11314381647,78526.942289,1058.1575633333337,3,20184.107586000002,16349.127147700001,9629.139964033337,0.1901614000016707
2025-08-14,8550.0,3070.7801,46919.697552054,3437.3991947950003,50357.096746849,71568.01829,718.2104333333336,6,13960.14067,16239.011860700002,8638.808930700003,0.1580106000037631
2025-08-15,3070.7801,3073.0155,26420.892889287898,453.34831647266697,26874.241205760565,44280.562571,110.82956433333345,4,13686.89136,11084.370174,24629.144066,0.16243000000395114
2025-08-16,3073.0155,8550.0,29095.7384398868,389.0504980433328,29484.788937930134,50443.003832400005,83.13257333333321,4,19703.657887,11030.676866,24923.87501806667,0.15215109999553533
2025-08-17,8550.0,8550.0,49519.443320203,878.3553400183324,50397.79866022133,77672.10511,210.4510966666664,4,20024.825698200002,16220.108816000002,10912.445707800003,0.13783250000415137
2025-08-18,8550.0,8550.0,49341.716694286995,2229.3364943188494,51571.053188605845,77523.92748,459.5663953666665,8,20253.1214927,16405.02843764,9741.285203640004,0.14543079999566544
2025-08-19,8550.0,8550.0,49378.793586842,1031.2539127933328,50410.04749963534,77487.75138,241.11924833333316,8,20243.935566699998,16397.587819,9564.862830633334,0.13757730000361335
2025-08-20,8550.0,8550.0,49083.200518281,14138.972431186632,63222.17294946763,76973.54247,3478.8910214666676,5,20258.976369800002,16409.770883,5952.536938000003,0.1221503000051598
2025-08-21,8550.0,3536.9066,47053.3342779225,3620.234955663131,50673.56923358563,72017.975055,924.6937582666665,5,15327.950646000001,16927.424086400002,8697.723770333338,0.13593609999952605
2025-08-22,3536.9066,3432.6125,26284.1412497537,1852.7789728115013,28136.9202225652,44112.643905000004,427.66145500000005,10,13926.947419999999,11374.692141,20757.480681,0.13779690000228584
2025-08-23,3432.6125,8550.0,28794.7988826269,829.8256535633336,29624.624536190233,49873.244917,232.7140700000001,5,19635.37669,11299.006367,19239.582514,0.1376040000031935
2025-08-24,8550.0,8550.0,50250.778088715,319.33664034333253,50570.11472905833,79019.1786,74.8192133333331,4,20844.726174000003,16884.228208,11399.910364000003,0.11527100000239443
2025-08-25,8550.0,8550.0,50363.200462216,7059.136914325831,57422.33737654184,79252.05643,1909.3387569999995,6,21187.170827700003,17161.608376,6362.745718633337,0.13217060000170022
2025-08-26,8550.0,8550.0,50797.510493411,1087.724252988332,51885.23474639933,79947.13717,233.64644666666635,5,21162.347230000003,17141.501264000002,10631.119267333335,0.13643940000474686
2025-08-27,8550.0,8550.0,50762.32857786841,2483.3054494903313,53245.63402735874,79926.7729963,480.39827409999964,5,21347.79124765,17291.710940999998,8436.942097083338,0.10914279999997234
2025-08-28,8550.0,3580.023,48053.938025808,12035.479491462831,60089.41751727083,73506.12492,3122.3626705999995,8,15767.498673099999,17244.6532554,7337.847189566672,0.13882409999496303
2025-08-29,3580.023,3583.2507,26417.367202252102,1464.496494243666,27881.86369649577,44161.723073,374.52555299999983,5,14212.839333999998,11509.494959,19277.683901,0.13310179999825777
2025-08-30,3583.2507,8550.0,28428.7173205916,511.11363284500044,28939.8309534366,49249.302422,154.76213333333348,8,19825.289535999997,11588.410171,22654.465357,0.13537280000309693
2025-08-31,8550.0,8550.0,50334.837117204,1141.4033913016656,51476.24050850567,79059.85326999999,302.58344899999975,5,21817.999563999998,17672.579691,8570.393762666668,0.12170630000036908
2025-09-01,8550.0,8550.0,50298.6067630013,441.96523473166656,50740.571997732965,79373.09319700001,105.96556999999997,2,21950.077557999997,17779.562844699998,21734.40952036667,0.12607079999725102
2025-09-02,8550.0,8550.0,49431.737677206,0.0,49431.737677206,77916.55407,0.0,0,21399.930785,17333.943968,19792.811403000003,0.1255492000054801
2025-09-03,8550.0,8550.0,49186.065070254204,0.0,49186.065070254204,77555.277757,0.0,0,21324.418954,17272.7793379,17955.9208909,0.13569469999492867
2025-09-04,8550.0,3801.6949,46802.480655606,115.66191114333307,46918.14256674933,71932.8039,19.912526666666622,1,15918.294170500001,17167.2928656,19276.149571766673,0.14766369999415474
2025-09-05,3801.6949,3665.7651,25128.6737222213,234.8502304283329,25363.523952649633,42261.132657,88.30461666666656,2,14258.325686,11671.58067,32938.430591,0.15042130000074394
2025-09-06,3665.7651,8550.0,27349.5249694489,122.20893831579987,27471.733907764698,47616.345357,32.2279297333333,1,19602.225815,11481.9915136,31807.255285333333,0.13972320000175387
2025-09-07,8550.0,8550.0,47804.8212404488,1555.5071129184985,49360.3283533673,74985.963833,340.35808433333295,4,20838.4052587,16879.108282,16406.04132396667,0.1345452000023215
2025-09-08,8550.0,8550.0,45342.19324158679,5495.770259590001,50837.9635011768,71770.071898,1251.2391743333337,3,20763.114103,16818.122450299998,9680.749886300004,0.12846400000125868
2025-09-09,8550.0,8550.0,45841.9982693385,45.1872070133328,45887.185476351835,72464.372227,11.696086666666531,1,20997.255539899998,17007.777023000002,15383.755530100001,0.13897330000327202
2025-09-10,8550.0,8550.0,45612.9605660724,12767.417145164,58380.3777112364,71842.099827,2854.096533666666,4,20622.128247,16703.92389,9461.99335366667,0.11979240000073332
2025-09-11,8550.0,3834.3337,43770.8602357147,1074.9183894866662,44845.77862520137,67426.461112,199.05479333333327,1,16192.351316,17359.904246512,15296.983052512001,0.14430910000373842
2025-09-12,3834.3337,3778.0259,22645.701692481496,554.7906497853337,23200.49234226683,38884.550089,159.2768460000002,3,14388.729681,11705.548073999998,24808.989128,0.15755429999990156
2025-09-13,3778.0259,8550.0,25028.4610495428,226.84594823999998,25255.306997782798,44453.63363,51.211029999999994,2,19782.20001,11728.805356,28444.348522666667,0.12720660000195494
2025-09-14,8550.0,8550.0,45567.57263678458,5401.972670735666,50969.545307520246,72045.81607219,1432.380389,10,21812.666461,17668.2598976,9234.465147790004,0.29716049999842653
2025-09-15,8550.0,8550.0,43598.4898787717,1263.813054564833,44862.302933336534,69561.518626,294.2550103333333,5,21708.8575875,17584.1746708,10664.060086300004,0.20446350000565872
2025-09-16,8550.0,8550.0,43205.6916942132,3433.1210745439994,46638.8127687572,68631.15064,1317.2136019999998,6,21648.092197,17534.954681999996,6343.45674366667,0.15836180000042077
2025-09-17,8550.0,8550.0,43382.165815427885,7051.9432481395015,50434.10906356739,69073.77262969999,1683.969794666667,7,21641.234431,17529.399923599998,6685.789516966669,0.15462660000048345
2025-09-18,8550.0,4149.8472,41167.543814244986,3922.9115313478333,45090.45534559282,63821.7545933,886.5780542666669,7,16653.719742600002,17449.6505463,6548.212334600004,0.14834459999838145
2025-09-19,4149.8472,4111.3025,20689.985117175198,1264.1962243604999,21954.1813415357,36268.0996124,429.0263012666667,8,14823.222469,12041.500427,17814.051555,0.15609289999702014
2025-09-20,4111.3025,8550.0,22796.95446098107,1327.526186050984,24124.480647032055,41269.3927269,339.0315237666668,4,19678.07736,11944.414923,18229.328080333333,0.14901429999736138
2025-09-21,8550.0,8550.0,44327.405000331724,1276.9250552166673,45604.330055548395,70614.53070599999,507.9072366666669,8,21673.207777000003,17555.2983406,8717.041022933336,0.18207950000214623
2025-09-22,8550.0,8550.0,41664.03443171395,3724.887595956662,45388.92202767062,67047.86083443,1064.0539933333323,21,21499.7088816,17414.764223,3412.9502858300025,0.14378200000646757
2025-09-23,8550.0,8550.0,42122.5293826935,7810.514722980493,49933.044105673995,67797.2026712,1795.0694993333318,20,21519.527321,17430.817159000002,3386.946425200001,0.156390600001032
2025-09-24,8550.0,8550.0,42186.451325188,4443.893262759995,46630.34458794799,67910.2042998,1301.4777866666655,16,21523.17426281,17433.7711986,4059.0539222566676,0.1688544999997248
2025-09-25,8550.0,4381.6806,40436.35636574405,3547.9055686834963,43984.26193442755,63336.0286713,975.6476119999987,16,16873.036968700002,17418.647488000002,4521.8379026,0.16258419999940088
2025-09-26,4381.6806,4385.2078,18875.9607119817,2086.2836162666654,20962.244328248365,33929.937867,609.0850333333328,12,15166.400175,12281.609682,13959.988907333334,0.15105640000547282
2025-09-27,4385.2078,8550.0,20950.994978602,7270.129720361666,28221.124698963667,38729.839574,1918.4111393333333,15,19724.52878,12228.55537,15350.975053333334,0.14535080000496237
2025-09-28,8550.0,8550.0,42843.012502027,7011.967786699332,49854.98028872633,68823.81568,1666.7311813333326,15,21670.990703000003,17553.502540999998,2885.4295326666693,0.1569720999978017
2025-09-29,8550.0,8550.0,41204.827511685995,8806.213223423863,50011.040735109855,66797.72279,2229.5741310666654,21,21582.763767000004,17482.0386916,2166.6802456666674,0.13761270000395598
2025-09-30,8550.0,8550.0,41864.613993164996,14221.784587572496,56086.39858073749,67519.46659699999,3438.671109333331,17,21646.262952,17533.473040999997,1423.1730286666673,0.12497489999805111
2025-10-01,8550.0,8550.0,41988.5376265834,949.3522306266652,42937.889857210066,67929.13590200001,436.31667999999934,6,21610.130155,17504.205480800003,14598.00637446667,0.13784680000389926
2025-10-02,8550.0,4638.8128,39341.976679797,1311.6933384349973,40653.670018232,62003.145504,556.2003199999987,4,17223.308353,17470.9482641,11076.202618433335,0.15350979999493575
2025-10-03,4638.8128,4646.1053,17125.05464396593,885.3078964299992,18010.36254039593,31681.8293281,383.50787999999966,7,15299.433920000001,12385.978187,21334.7277751,0.1718202999982168
2025-10-04,4646.1053,8550.0,19147.5503663172,2257.1004033048357,21404.650769622036,36283.636335999996,700.2774903333338,9,19675.5044725,12423.653408,16636.0803285,0.14021520000096643
2025-10-05,8550.0,8550.0,39829.137959830405,1639.5727520499986,41468.710711880405,64262.290242,697.6140799999994,9,21470.4638759,17391.0758098,6144.555189233334,0.1403509000010672
2025-10-06,8550.0,8550.0,39515.2473067716,3927.1606112606632,43442.40791803226,63572.59433700001,1383.7518326666657,15,21429.129054,17357.594571999998,3151.702437666669,0.22408429999632062
2025-10-07,8550.0,8550.0,39530.446764647,5801.981828052662,45332.42859269966,63410.98216000001,1641.1945869999988,11,21427.401264,17356.195094000002,3209.4075770000027,0.1677549999949406
2025-10-08,8550.0,8550.0,37936.4517890248,6005.206609151996,43941.6583981768,61596.790796999994,1981.1665403333323,11,21353.760371000004,17296.545917999996,3042.247217666669,0.1475138000023435
2025-10-09,8550.0,4759.545,36651.82065465899,3487.440820361994,40139.26147502099,58055.24892699999,1028.3006478333316,19,17121.716642500003,17279.99999,3481.8512390000014,0.12182429999666056
2025-10-10,4759.545,4962.9023,16205.903797612831,3039.8159388240147,19245.719736436848,31001.434983860003,997.6688701399994,17,15801.491741,12616.186746,19470.18794233333,0.1339055999997072
2025-10-11,4962.9023,8550.0,18222.7195781563,2761.984273913834,20984.70385207013,35415.370827,896.9181456666665,22,19758.352604,12775.877709299999,15223.500494633332,0.14342459999897983
2025-10-12,8550.0,8550.0,39069.360783109005,6664.390907067332,45733.75169017634,63344.970400000006,1863.5838996666662,18,21375.7035434,17314.319936,2632.214708933335,0.1500887000001967
2025-10-13,8550.0,8550.0,39567.73618252764,3372.617782559998,42940.353965087634,64067.0367173,969.488048333333,14,21377.691182000002,17315.929885999998,3947.3681696333356,0.40125260000058915
2025-10-14,8550.0,8550.0,39533.6473138782,9438.76483347626,48972.412147354466,64003.460443,2380.5393804333316,18,21367.9693661,17308.055254,1550.2564280000015,0.3342795999997179
2025-10-15,8550.0,8550.0,38657.6785153978,14161.284887200327,52818.96340259812,63243.154666999995,3658.8353726666655,20,21362.98986,17304.021842,922.9983716666673,0.2720279000059236
2025-10-16,8550.0,5305.3948,37652.5631614982,17229.748166911726,54882.31132840992,60256.600922000005,4293.430104099998,16,17809.282159000002,17345.6632639,1119.9391810000016,0.2648068000053172
2025-10-17,5305.3948,5499.1935,15938.102176824501,7201.0207858441645,23139.122962668665,30995.350523,1762.8327103333327,19,16371.304258999999,13086.337663999999,13469.017321666664,0.2628404999995837
2025-10-18,5499.1935,8550.0,17679.168073615583,4527.151346794166,22206.31942040975,34786.1060339,1311.3672729999996,18,19718.516257,13226.272354,13528.636137233334,0.26221049999730894
2025-10-19,8550.0,8550.0,40597.464699533004,12559.756115317989,53157.220814850996,66491.88977000001,3025.665724999998,22,21783.24387,17644.427585999998,1493.0166776666679,0.25866570000653155
2025-10-20,8550.0,8550.0,41439.6173308763,10882.036416526993,52321.653747403296,67623.381707,2558.8477243333314,22,21868.439991,17713.436444,1586.4435176666673,0.2546543999997084
2025-10-21,8550.0,8550.0,42025.1800320536,11096.823691020296,53122.003723073896,68537.780516,3095.466325799999,22,21835.9292518,17687.102746,1021.838986000002,0.2676341999977012
2025-10-22,8550.0,8550.0,41497.9058327186,14809.140216415743,56307.04604913434,68416.845823,3254.6604364999985,16,21989.023615500002,17811.10917,1938.695114000001,0.266544399994018
2025-10-23,8550.0,5779.3849,40724.594141363006,6666.044275684993,47390.638417048,65890.78225999999,1636.9672599999985,19,18986.539231000002,17872.650426,3034.3636816666676,0.25778770000033546
2025-10-24,5779.3849,5939.5278,15692.1019350865,9366.942446753495,25059.044381839994,30940.735491,2129.050684999999,14,16819.732237,13479.854474,11309.85769633333,0.2654257000031066
2025-10-25,5939.5278,8550.0,17340.65533667127,7493.35703218948,24834.01236886075,34469.2698517,1783.536382633333,16,19772.19322,13666.051569,10748.23185,0.36903379999421304
2025-10-26,8550.0,8550.0,42870.221410514074,5450.407308948328,48320.6287194624,70253.41908451999,1367.220679999999,18,22930.116496,18573.394415,2719.605666853334,0.26213770000322256
2025-10-27,8550.0,8550.0,43179.75781948,8668.698758645625,51848.456578125624,70669.30864999999,2159.4007492333317,14,22874.5728199,18528.404031,4929.9589436666665,0.2559146999992663
2025-10-28,8550.0,8550.0,43073.498686747,7886.545297861159,50960.04398460816,70563.56427,1920.1549236666651,18,22810.86717,18476.802434999998,2177.2327586666675,0.26242869999987306
2025-10-29,8550.0,8550.0,42288.244220937006,19887.552668957724,62175.79688989473,69564.46619,4796.347251366665,16,22696.771064,18384.3846293,736.1702066666678,0.2565500999990036
2025-10-30,8550.0,6206.6827,41812.828345450995,8805.343076936653,50618.17142238765,67833.94141999999,2027.8563233333302,15,20480.178053000003,18697.929888,3291.731928333334,0.2637410999959684
2025-10-31,6206.6827,6300.4995,16195.5352222552,11964.906170188995,28160.441392444194,31799.095578,2959.2736979999995,15,17244.702430999998,13883.773883,7493.148661333334,0.4326452999957837
2025-11-01,6300.4995,8550.0,17457.175911765604,6743.649535118664,24200.825446884268,34609.859843,1667.6748296666663,19,19710.102846,13940.632906499999,7964.026299833333,0.2841257999971276
2025-11-02,8550.0,8550.0,44507.38173022218,9313.850117389497,53821.23184761168,72825.0183802,2002.5757586666662,18,23375.499183,18934.154397,1589.8654195333343,0.2719077999936417
2025-11-03,8550.0,8550.0,45156.816936078,8578.028611043683,53734.84554712169,73643.88590000001,2426.6551700233313,16,23433.442750690003,18981.088672,2113.2567080000013,0.2675996000034502
2025-11-04,8550.0,8550.0,45555.0943509183,8177.633342412824,53732.72769333112,74478.026373,1717.4763343333311,13,23364.05777,18924.886831,4176.259735000001,0.26334110000607325
2025-11-05,8550.0,8550.0,45831.67512458,6602.674643996661,52434.349768576656,74696.63608,1677.0374333333316,20,23338.3681895,18904.078322399997,2261.3635795666673,0.2484526000043843
2025-11-06,8550.0,6593.1006,44888.158284580546,12773.105591931824,57661.26387651237,72417.98683583,2952.105045333332,13,21161.883337,18902.335047,1740.9590411633346,0.263002100000449
2025-11-07,6593.1006,6574.5921,17266.1587809449,6775.529952815162,24041.688733760064,33315.4795385,1474.2773479999992,12,17571.908900000002,14249.903842,8149.290045166666,0.2707351999997627
2025-11-08,6574.5921,8550.0,18154.619470512298,4469.292189353166,22623.911659865465,35549.542291000005,1032.4404329999998,17,19779.11705,14243.217722,7254.876296,0.2769533999962732
2025-11-09,8550.0,8550.0,47054.94513842526,8417.56276132599,55472.50789975125,76239.58396270001,1932.3174416666648,18,23162.646576,18761.7437666,2424.181411633334,0.2574970999994548
2025-11-10,8550.0,8550.0,47411.839893745,11060.347026056357,58472.18691980135,76770.371357,2647.887187233331,19,23222.9199679,18810.565226,1147.4607023333347,0.2604579999970156
2025-11-11,8550.0,8550.0,47851.75579630584,4906.815834075993,52758.57163038183,77377.0842706,1140.7457856666651,18,23362.3362003,18923.492399999996,2519.966589300001,0.25739189999876544
2025-11-12,8550.0,8550.0,48257.713390808,4932.721841372659,53190.43523218066,77854.962738,1008.5659733333316,22,23313.333209999997,18883.799995,3478.007746333334,0.18317279999610037
2025-11-13,8550.0,7251.6921,47767.08145438048,7970.289694594756,55737.37114897524,76423.0244473,1953.0139875666648,16,21780.3040133,18810.523377,3010.3864819000005,0.1972957999969367
2025-11-14,7251.6921,7077.687,18072.076959624603,4574.180127493664,22646.25708711827,34517.892467,1219.5654496666664,16,18007.6466486,14742.798394,4874.154362066667,0.1863904999991064
2025-11-15,7077.687,8550.0,18817.207926492,4368.09260691833,23185.30053341033,36343.295302,946.8220556666661,16,19667.664494,14605.726565,4016.292512,0.19412970000121277
2025-11-16,8550.0,8550.0,49774.576228263395,6968.515104844824,56743.09133310822,79837.836328,1727.8010313333311,24,23354.8609202,18917.43741,2693.6694658000015,0.1784244000009494
2025-11-17,8550.0,8550.0,50279.0256028679,2870.758768814991,53149.784371682894,80507.70266849999,754.8643433333314,15,23366.45561,18926.829122000003,4127.186190500002,0.27537070000107633
2025-11-18,8550.0,8550.0,50115.65212897005,5104.192868724847,55219.84499769489,80239.9959265,1540.9166029666667,18,23395.0333283,18949.977056000003,2445.3044238333346,0.19903760000306647
2025-11-19,8550.0,8550.0,50506.926546145216,4964.489787431659,55471.416333576875,80783.2507078,1226.830979999998,19,23490.8716,19027.606033,2178.504520800001,0.1772692000013194
2025-11-20,8550.0,7504.7381,50299.83183942356,4369.680334324161,54669.512173747724,80020.6460352,995.7559466666651,22,22370.82611,19061.104911,2913.604749533334,0.1526746000017738
2025-11-21,7504.7381,7521.0157,18907.1018188699,2175.019741767163,21082.121560637064,35859.937927,663.9615169999989,19,18599.816437,15051.2015426,4110.9004829333335,0.16196489999856567
2025-11-22,7521.0157,8550.0,19361.2379618845,3323.1886934866643,22684.426655371164,37082.211144,827.3488199999997,20,19743.267998,15065.961247399999,3012.4237300666664,0.19181360000220593
2025-11-23,8550.0,8550.0,51749.344075351,5109.023022480995,56858.36709783199,82501.089874,1178.4956793333322,17,23690.21085,19189.070868,3946.3492880000013,0.18022259999997914
2025-11-24,8550.0,8550.0,51842.22941246569,3368.914588907329,55211.14400137302,82728.78598,807.965923666666,15,23920.70219,19375.768863999998,4829.874877666667,0.18328009999822825
2025-11-25,8550.0,8550.0,51845.17954328729,3241.980480043662,55087.16002333095,82685.0998067,846.0154339999988,18,23826.41498,19299.396160999997,2835.4359550333365,0.17723450000630692
2025-11-26,8550.0,8550.0,52046.726228747204,3200.1980070483614,55246.924235795566,82946.707275,823.6463805999988,19,24011.270105800002,19449.128879,2450.545545466671,0.181500300001062
2025-11-27,8550.0,7950.0,51902.07782122062,2770.428580518329,54672.50640173895,82399.7810709,644.4105566666656,18,23292.51169,19406.934515,3377.7217192333346,0.1788689000022714
2025-11-28,7950.0,7950.0,19414.8728878355,3409.958741112665,22824.831628948166,36789.208675,778.3529138999995,17,19057.763999900002,15436.788867000003,3025.347906,0.15338869999686722
2025-11-29,7950.0,8550.0,19963.7385434641,9894.754690905498,29858.4932343696,38146.042407999994,2897.909213333333,18,19855.4031738,15542.876574,1801.974921533334,0.15906410000025062
2025-11-30,8550.0,8550.0,53557.5752004132,5556.616476044492,59114.19167645769,85036.00364499999,1483.0347006666652,22,24543.60364,19880.31901,1610.9255990000024,0.14455070000258274
2025-12-01,8550.0,8550.0,53980.0254114304,22591.632318738317,76571.65773016872,85762.264951,6012.543472999996,13,24729.66552,20031.02914,777.2443106666674,0.16671369999676244
2025-12-02,8550.0,8550.0,54554.37844097078,27321.918074632755,81876.29651560354,86454.6965106,7207.695492733331,10,24833.33324,20114.99997,306.24878333333413,0.15033549999498064
2025-12-03,8550.0,8550.0,55259.6941650071,17952.038322947992,73211.7324879551,87375.130357,5343.739196666664,11,24833.33324,20114.999986,837.7877330000007,0.12911879999592202
2025-12-04,8550.0,8550.0,55726.217644386044,18262.494033728573,73988.71167811462,87871.3694615,4980.9109494999975,15,24833.33324,20114.99996,1362.7383810000006,0.15832660000160104
2025-12-05,8550.0,8550.0,21918.259355587,15718.909203464827,37637.16855905183,41882.37461,4254.324768333332,13,19902.486311,16121.013938,1043.599322,0.1552427000060561
2025-12-06,8550.0,8550.0,22321.8864453532,19237.98045367049,41559.86689902369,42830.451421000005,5601.101521999997,15,20026.831065,16221.733176,961.8242373333333,0.15616050000244286
2025-12-07,8550.0,8550.0,57207.7291460109,12232.028493697158,69439.75763970806,89836.86471299999,3640.417226999998,18,25069.41693,20306.2278,1061.4115600000016,0.17383949999930337
2025-12-08,8550.0,8550.0,58494.461359855995,7809.739006244992,66304.200366101,91732.898714,2445.638749333332,15,25170.43237,20388.050303000004,1548.9442796666676,0.19619549999333685
2025-12-09,8550.0,8550.0,58804.4685932507,9331.779559654824,68136.24815290552,92216.95537499999,2440.3602249999976,16,25319.38402,20508.70111,2458.178423333333,0.14733600000181468
2025-12-10,8550.0,8550.0,58627.55164862951,8354.508295408157,66982.05994403767,91998.753833,2630.2323863333313,19,25400.69345,20574.56173,1415.2360326666676,0.14748780000081751
2025-12-11,8550.0,8550.0,59052.1534861909,4832.5491201921595,63884.70260638306,92375.142129,1560.219264333332,21,25400.248910000002,20574.20168,3148.059463333335,0.15437440000096103
2025-12-12,8550.0,8550.0,23952.859784819,11135.41116415573,35088.27094897473,45732.7341,3398.2295767333326,14,20386.4021094,16512.985736,1543.13382,0.1555487000005087
2025-12-13,8550.0,8550.0,24381.026845215,9756.357136898227,34137.38398211323,46726.82678,2506.3837306999985,16,20506.461672600002,16610.2339719,1538.449426666666,0.19602429999940796
2025-12-14,8550.0,8550.0,59791.0825746389,6402.107986690655,66193.19056132955,93560.076943,1765.1647719999974,23,25350.94024,20534.261658,1729.8413330000017,0.20772869999927934
2025-12-15,8550.0,8550.0,60922.97798349034,3976.526956487326,64899.50493997766,95321.6032454,1201.2391053333313,17,25359.39544,20541.110377999998,2234.9993220666693,0.166829299996607
2025-12-16,8550.0,8550.0,61325.8179008585,3649.935294958992,64975.753195817495,95788.773197,1069.8067926666645,19,25461.26027,20623.620915,2602.849301333334,0.1682260999950813
2025-12-17,8550.0,8550.0,61296.38689333839,2717.7235249356618,64014.11041827405,95926.771316,811.3415926666657,19,25349.95995,20533.467620000003,3729.7735120000016,0.13300449999951525
2025-12-18,8550.0,8550.0,61340.12921510459,2768.3988479973286,64108.52806310192,95710.859038,938.9460843333319,17,25274.23848,20472.13323,4481.432905666668,0.16253799999685725
2025-12-19,8550.0,8550.0,25868.033780489,3155.504516443163,29023.538296932165,49581.719945000004,800.3223783333325,26,21443.312422,17369.0831701,3399.4217714333336,0.2088688000003458
2025-12-20,8550.0,8550.0,25984.830900435,2215.26805121333,28200.09895164833,49850.1038,624.612249999999,16,21459.896018,17382.5157966,3540.9835786000012,0.21102070000051754
2025-12-21,8550.0,8550.0,61655.1800142374,3721.442223133328,65376.62223737073,96159.453694,1131.0710733333317,19,25370.55716,20550.15136,3432.3371006666703,0.18091170000116108
2025-12-22,8550.0,8550.0,62791.30489868824,1486.5672963433287,64277.872195031574,97940.07723560001,379.419289999999,14,25363.35793,20544.32002,4563.03153226667,0.18185860000085086
2025-12-23,8550.0,8550.0,62881.9203442547,746.6505981399976,63628.5709423947,97940.71100200001,189.9859766666658,10,25469.86889,20630.593841,6033.329396333336,0.1731630999929621
2025-12-24,8550.0,8550.0,62369.8075364513,1451.3801777706617,63821.18771422196,97409.955135,359.93075466666585,12,25519.30631,20670.638151,5066.658414000002,0.1938471999965259
2025-12-25,8550.0,8550.0,62440.2642144856,1707.1001214133287,64147.36433589893,97221.811936,534.3893333333325,16,25511.23435,20664.099897,5096.618283000002,0.19605860000592656
2025-12-26,8550.0,8550.0,26798.957396059,742.8798975201655,27541.837293579163,51059.12101,226.9341053333331,15,21538.238229000002,17445.9730195,4186.167472500001,0.17453099999693222
2025-12-27,8550.0,8550.0,26807.36845627,1587.783472544664,28395.151928814663,51275.69519,362.94848899999937,12,21597.782922000002,17494.204218699997,4196.255909033334,0.18787480000173673
2025-12-28,8550.0,8550.0,62801.807847479606,1086.212521189997,63888.020368669604,97815.709826,285.20564999999885,13,25543.5661,20690.288606000002,6438.383232000004,0.16649999999935972
2025-12-29,8550.0,8550.0,63743.443625386404,698.8621881583292,64442.305813544735,99306.992302,165.73928333333265,12,25514.228320000002,20666.524989999998,7101.261988666669,0.18012379999709083
2025-12-30,8550.0,8550.0,63755.6683405787,139.2119337299994,63894.8802743087,99220.238175,29.582536666666442,4,25587.941899999998,20726.23299,8163.709201666671,0.16064940000069328
2025-12-31,8550.0,8550.0,63275.1547980868,1279.9817820949966,64555.136580181796,98762.211648,312.50740333333266,12,25429.31072,20597.74173,5596.727128000002,0.1630040000018198
